<?xml version="1.0" encoding="utf-8"?>
<!-- Copyright (c) 2015-Present Webkul Software Pvt. Ltd. (<https://webkul.com/>) -->
<!-- See LICENSE file for full copyright and licensing details. -->
<!-- "License URL : <https://store.webkul.com/license.html/>" -->

<odoo>
    <data noupdate="1">
        <record id="seq_trip_instance" model="ir.sequence">
            <field name="name">TRIP</field>
            <field name="prefix">TRIP</field>
            <field name="code">trip.details</field>
            <field name="padding">2</field>
            <field name="company_id" eval="False"/>
        </record>

        <record id="seq_traccar_instance" model="ir.sequence">
            <field name="name">TRACCAR</field>
            <field name="prefix">TRACCAR</field>
            <field name="code">traccar.configure</field>
            <field name="padding">3</field>
            <field name="company_id" eval="False"/>
        </record>
    </data>
</odoo>
